id	nome	telefone
1	Aimil Adamo	350-216-0693
2	Evered McReynold	690-187-6433
3	Jacques Gemelli	423-119-7678
4	Kylen Camerana	867-231-1914
5	Melisande Ockland	374-761-2362
6	Felic Tampen	630-993-3062
7	Kanya Errey	865-753-3037
8	Robinet Cleever	369-615-4552
9	Ciel Easterling	870-917-3662
10	Bunny Chapelle	320-364-5751
11	Bethanne Schirach	540-555-7103
12	Eleanor Read	251-221-6422
13	Marietta Petroulis	963-143-8374
14	Fifine McClinton	577-920-7802
15	Lavinie Grishakov	750-418-0181
16	Rodrigo Rickard	173-719-5658
17	Janet Broadhurst	509-547-0363
18	Junie Turneaux	284-869-8916
19	Far Kristoffersson	814-791-6473
20	Lynne Saye	100-830-7905
21	Archibald Grosier	278-986-8371
22	Caitlin Simanenko	746-706-6795
23	Pietrek Elmore	412-344-2111
24	Steffie Blumsom	310-394-5252
25	Belia Stanlack	404-315-2868
26	Lotty Fielder	643-293-4139
27	Andie Heymes	108-578-2356
28	Dore Esilmon	792-677-7342
29	Geraldine Ginnelly	993-927-9990
30	Filippo Klees	132-817-0638
31	Ignacius Chittie	193-808-8771
32	Devin Basnett	851-477-4340
33	Fernanda Doche	882-910-8783
34	Theresita Coneybeer	318-837-8254
35	Carce O'Lenechan	189-713-0754
36	Wendye Pender	967-102-7734
37	Trumaine Foan	338-472-7653
38	Katey McPike	641-365-2261
39	Sherry Iley	658-316-7309
40	Tommy Grent	388-814-3719
41	Renie Raithmill	547-135-6372
42	Giselbert Amis	181-588-5130
43	Farah Strickler	129-343-3341
44	Danna Easby	112-730-4441
45	Olimpia Stenet	939-286-8389
46	Lacie Cruce	477-708-7201
47	Rhianon Portress	210-788-5502
48	Lanie Iacovides	400-901-8470
49	Ambur Winthrop	620-144-2332
50	Pierson Poltone	490-938-0321
51	Ruperta Green	687-964-9276
52	Lesley Brain	614-121-3597
53	Crystal Petteford	700-862-9562
54	Kenneth Louisot	750-819-7604
55	Shayne Ruvel	211-950-0385
56	Lorelle Probbin	732-737-9389
57	Modestia Broe	177-724-5197
58	Garnette Cato	565-448-4377
59	Jose Oliphant	882-130-5717
60	Bram Burless	339-486-5293
61	Alix Elcock	148-116-6962
62	Neel Counihan	198-459-2185
63	Fleur Poundsford	538-376-6980
64	Shauna De Normanville	713-467-6001
65	Vivia Vynehall	362-244-3972
66	Sig Bailey	506-264-1748
67	Rhonda Fidgeon	130-973-1226
68	Winonah Guiducci	836-347-8738
69	Ileana Vodden	694-510-6549
70	Hebert Breakspear	122-738-2115
71	Arleyne Kares	560-352-9484
72	Zared Spohr	397-529-2484
73	Zenia Meyer	517-473-5366
74	Darrin Mion	386-830-2744
75	Sukey O'Sherin	278-449-5889
76	Dru Iliff	681-345-1804
77	Francene Pacitti	954-995-3210
78	Eileen Bateup	538-883-9964
79	Isaak Tilberry	321-691-0025
80	Ira Boichat	841-974-4317
81	Pat MacQuist	496-402-9231
82	Quintilla Fyrth	545-707-6042
83	Carlene Reame	666-847-8825
84	Kally Cradock	187-815-3891
85	Ephrem Ritzman	102-319-6818
86	Danette Ivanchikov	826-501-5622
87	Adara Haldin	103-642-1745
88	Felecia Tucsell	401-116-5053
89	Onfroi Eagling	291-441-5032
90	Sula Boyle	575-565-4729
91	Forrester Van Castele	172-406-1403
92	Susy Seiffert	945-194-7058
93	Raleigh Plane	962-559-7227
94	Othello Tullis	609-106-8913
95	Rodi Eggleston	643-342-8638
96	Marthe Howood	559-454-0256
97	Gunilla Tireman	946-512-4609
98	Boothe McNab	548-583-2346
99	Nelia Romero	937-575-7930
100	Jessamine Agar	137-821-3868
101	Jarred Buney	885-557-6987
102	Charlena Orrow	841-140-5241
103	Edouard Copcote	996-916-4991
104	Gery Mushrow	719-147-9170
105	Trish Carnew	124-601-4763
106	Flemming Borrett	516-275-4148
107	Beauregard Start	502-786-8978
108	Corbet Naughton	577-196-5937
109	Tresa Landrean	736-939-8536
110	Lorinda Robertacci	265-573-8860
111	Midge Bacon	307-128-0699
112	Basile Dunican	405-825-0442
113	Larine Bottle	663-207-9434
114	Sybil Doog	363-174-3503
115	Salvador Aireton	566-955-5104
116	Andriana Recher	885-723-1686
117	Fritz Benns	550-526-2607
118	Claudetta Brodeau	121-982-7350
119	Arturo Byllam	757-866-9683
120	Blisse Fairy	697-829-6168
121	Donalt Vearnals	492-386-5684
122	Raina Pawsey	216-939-1505
123	Chrissy Biffin	377-234-1187
124	Zabrina Lundberg	348-181-8944
125	Bambie Shakle	493-732-3947
126	Ingrid Lukock	974-805-3859
127	Tyne Cockram	180-915-4070
128	Ronnica Groundwator	843-798-6477
129	Fayette Mance	833-150-8337
130	Wald Fotherby	252-183-6007
131	Belinda Edwardson	574-262-6052
132	Carr Gobbett	157-807-9330
133	Merline Grevel	764-693-0965
134	Jaquelyn Pargeter	362-711-5811
135	Raleigh Towne	344-170-1866
136	Uriah Greensmith	883-441-8395
137	Clotilda Trustie	324-357-3343
138	Adore Camell	892-515-8050
139	Vance Veelers	197-371-4003
140	Amata Denington	166-286-2381
141	Quent Mill	788-464-3443
142	Hyacinthia Weiss	673-699-3625
143	Marleen Fehely	549-586-5647
144	Eziechiele Wickey	703-840-7618
145	Engelbert Polkinghorne	860-621-3297
146	Lethia Ingon	623-441-6085
147	Morena Cree	445-630-0474
148	Gertrud Ballston	979-230-0223
149	Francklin Perel	221-763-6715
150	Di Gallally	616-566-8034
151	Brooke Quinnette	989-474-2492
152	Madlen Fairbairn	652-484-6553
153	Jolee Fisk	920-850-9869
154	Justen Rumin	854-352-4661
155	Sarine Brownbill	760-287-3154
156	Corny Huguenet	920-625-1006
157	Livvie Corkitt	170-914-7123
158	Tiffy Somerville	719-956-5140
159	Heath Ninnoli	121-995-0257
160	Marj Praten	158-252-6780
161	Thomas Loxly	212-727-9594
162	Odetta Hillen	814-605-5863
163	Irwin Lawlor	515-266-2309
164	Margaux Middell	478-289-9211
165	Abby Cumber	915-756-4402
166	Terrill Blazy	499-686-2204
167	Tanitansy Pickance	685-512-0292
168	Adelle Abrahamsson	459-855-5718
169	Wainwright Chubb	401-602-4158
170	Darlene Tedridge	105-887-4415
171	Fernandina Carter	645-295-2757
172	Mickey Faloon	796-893-8495
173	Myrtle Bane	903-164-1463
174	Wolfgang Conneely	250-202-2666
175	Darda Sanpere	516-342-5110
176	Mikkel Lutton	799-357-1139
177	Hyacinth Yellep	616-108-7213
178	Nixie Harmson	519-367-9494
179	Park Koppen	785-931-2878
180	Lemmie Borrill	648-672-8861
181	Madelyn Pitceathly	636-972-8704
182	Valentin Willgoose	939-738-6327
183	Karlie McCraine	840-225-0557
184	Putnem Bartalin	906-658-1361
185	Odella Cornier	224-180-4352
186	Pauline Geaves	202-188-0659
187	Bell Brain	392-574-0187
188	Wilhelmine Shower	917-243-0793
189	Myrle Rudge	425-733-1676
190	Dane Mussard	448-867-6093
191	Denny Courcey	202-499-2829
192	Iggie Ciccoloi	365-230-4044
193	Lenci Eton	233-434-8649
194	Aveline Rafferty	775-867-0383
195	Tandie Coughtrey	158-212-2817
196	Karel Guilaem	764-145-1843
197	Corinne Phillipps	824-288-3005
198	Viola Stellin	952-972-2892
199	Teddie Riba	446-988-8645
200	Iggy Attack	387-792-8322
201	Mavra Micklewright	631-386-3654
202	Alvis Confait	373-172-1037
203	Keslie Pointing	394-181-5059
204	Mahala Pedgrift	888-213-4842
205	Devland Conerding	843-211-2117
206	Amalea Summerskill	712-147-2307
207	Robinette Dunniom	248-980-7668
208	Sande Grabham	712-830-7749
209	Mavis Spaldin	561-131-0482
210	Addison Rauprich	695-675-4434
211	Merrick MacGillreich	755-871-4129
212	Rheba Whisson	987-936-9896
213	Lothaire Lebang	511-674-1016
214	Jaquelyn De Andisie	696-558-2054
215	Delphinia Gauntlett	305-671-9390
216	Tommy Barbe	475-145-2675
217	Fairfax Durie	667-706-2087
218	Jodie McNeachtain	679-140-5046
219	Clovis Barstock	161-338-7202
220	Phillis Sapwell	481-311-7542
221	Mylo Kingswood	674-435-2358
222	Vito Timewell	527-484-8264
223	Ninetta Ockendon	374-245-9115
224	Tonia Brunicke	684-765-1797
225	Chandra Duggon	735-143-3371
226	Papageno Yurin	314-389-3056
227	Ingeborg Chilton	954-675-2405
228	Van Lowth	782-883-1231
229	Minda Looker	235-736-2954
230	Editha Luisetti	479-156-2365
231	Jessica Alenov	567-335-3907
232	Uriel Plumstead	178-585-6197
233	Arlee Coil	387-550-4252
234	Carri Strathe	401-527-8372
235	Mayne MacKnight	919-986-3008
236	Mikkel Rolley	871-822-4009
237	Lila Filimore	575-522-4633
238	Rip Tanman	380-572-7619
239	Chiquia Stefi	140-191-8706
240	Caprice Urridge	254-316-6504
241	Roby Storres	757-624-9462
242	Jeniffer Thirlwell	243-979-5302
243	Gelya McKinnon	490-358-9888
244	Catrina Pell	797-665-3336
245	Evy Bleything	847-440-6118
246	Cash Mizen	619-790-5754
247	Trevar Golightly	290-745-7336
248	Violetta Oakden	856-309-8493
249	Marten Woof	584-194-4104
250	Walden Maynard	414-931-4250
251	Donelle Dannatt	995-337-8757
252	Kerri Fancet	211-423-1705
253	Rodd Hansbury	143-710-8027
254	Ginni Raincin	741-960-9078
255	Leo Kyngdon	150-392-0234
256	Francesco Washtell	948-289-9374
257	Ugo Longega	629-742-8243
258	Joyce Mallinar	979-782-3926
259	Carla Grishmanov	519-290-9736
260	Baxter Whitfeld	396-992-1961
261	Clo Verlander	514-672-8357
262	Dickie Duddle	220-205-7470
263	Waylen Boggas	147-734-5702
264	Meade Curley	927-642-8025
265	Dulciana Rispine	248-877-2116
266	Loise Dyment	287-873-5027
267	Juline Kittle	162-532-9864
268	Timotheus Tommasuzzi	601-128-5215
269	Art Welman	652-123-6232
270	Culver Organer	696-673-0075
271	Ginnie Acuna	206-968-2497
272	Roxine Realff	493-140-1099
273	Claudina Ralls	493-546-2197
274	Karlie Thewles	304-702-9221
275	Duffy Lodwig	202-760-3897
276	Gerry Mounce	145-473-7352
277	Calv Chirm	472-916-8981
278	Kasper Olland	509-678-7053
279	Clemmy Swalwel	680-233-9788
280	Juanita Votier	763-260-2337
281	Patti Southerns	157-241-8448
282	Myer Winsper	182-570-1620
283	Aloysius Roscamps	734-980-9927
284	Phillis Kundt	624-266-6285
285	Ara MacLardie	573-689-8032
286	Odille Linnit	370-887-3270
287	Florrie Izacenko	642-604-5460
288	Karie Feast	583-163-4158
289	Tootsie Schimonek	710-679-3532
290	Arch Extil	464-940-5169
291	Bertie Faull	218-733-5099
292	Glenda Soitoux	290-213-3720
293	Anni Simoncello	372-236-4660
294	Chrysler Corneck	522-792-4759
295	Glenden Fearick	974-837-9285
296	Godart Santo	787-794-3639
297	Damian Beatson	612-823-1323
298	Aubrey Abbots	400-681-7012
299	Vilma Syncke	175-836-4456
300	Mavis Summerfield	439-540-6401
301	Dal Oxborough	575-560-5944
302	Jehu Morfell	407-906-4413
303	Ferdinanda Batrip	741-601-6205
304	Cedric Peris	430-367-6180
305	Elyse Hinchcliffe	885-520-1346
306	Daile Kinnett	971-493-9805
307	Tiffi Ritson	821-493-3521
308	Maxine Havercroft	493-661-4840
309	Walsh Yallop	395-885-9912
310	Onfroi Boast	399-358-2480
311	Orrin Posten	736-594-9171
312	Nicolle Muckian	231-711-0965
313	Giana Spours	941-299-3484
314	Kristi Sinderland	172-823-2060
315	Courtnay Stening	319-834-0062
316	Bria Sawfoot	329-953-5693
317	Faulkner Wolfarth	635-969-4880
318	Tiphanie Evelyn	215-650-7942
319	Brod Konzelmann	307-996-2055
320	Reece Wilkerson	839-711-4386
321	Aggy Rattery	241-141-3663
322	Ruddie Stalman	106-517-0058
323	Pris Geldart	312-743-1570
324	Lem Ranns	434-711-1500
325	Noella Woollcott	210-409-2026
326	Luca Worts	206-815-8604
327	Wendye Cable	727-581-7444
328	Roman Bailess	985-560-3784
329	Annis Rao	457-689-0572
330	Waylan Petrishchev	546-435-4111
331	Tricia Bloxland	541-833-8749
332	Owen Mosedale	880-858-6552
333	Linell Brinsden	175-764-2233
334	Pippy Narracott	829-497-4829
335	Shina Rodder	956-313-8161
336	Amalea Ragsdale	927-743-3980
337	Eldin Shakesby	962-761-0999
338	Mordy Ruggier	170-915-8820
339	Nicoli Olford	412-649-7579
340	D'arcy Cantopher	446-732-7986
341	Bessie Burkinshaw	711-788-7017
342	Tomkin Dunning	524-530-8589
343	Annie Melliard	435-954-4610
344	Zachariah Chaffin	290-326-6091
345	Johannah Maylour	261-534-9472
346	Jobie Reeday	949-292-8819
347	Wilt Thoresbie	892-551-4816
348	Immanuel Lumsden	472-843-9892
349	Brandy Clifford	600-227-1470
350	Hersh Lowdwell	794-438-4656
351	Tarah Halpine	741-859-8735
352	Willyt Screech	563-324-7813
353	Hort Russi	328-983-7125
354	Emmery Jervoise	440-625-9160
355	Phedra Purse	773-413-5801
356	Leticia Arnopp	666-626-8695
357	Graig Stokey	330-300-9175
358	Annnora Kubyszek	889-122-3016
359	Karon Ambler	631-619-5825
360	Phil Sharrier	623-217-4274
361	Wood Gert	152-493-2329
362	Bentlee Fairbard	222-128-2480
363	Tobie Wickliffe	769-144-9703
364	Huntington Mallett	129-966-5881
365	Willow Eblein	183-770-4692
366	Bentlee Lello	452-557-7417
367	Dene Bonifazio	316-880-4289
368	Arlyn Gosdin	665-775-2523
369	Matt Annion	181-976-8748
370	Colleen Evitts	416-994-7945
371	Tadd McGeady	476-800-1072
372	Garek Skeldon	595-946-7806
373	Halie Jery	232-516-4533
374	Nyssa Kettlewell	665-957-5830
375	Ethel Howle	832-160-6552
376	Jillayne Morewood	274-713-8568
377	Gaylord Willmetts	572-525-9907
378	Laurent Probbing	513-796-9263
379	Analise Florez	523-368-7747
380	Bobby Crommett	725-245-7817
381	Sayre Scholcroft	970-181-9999
382	Aurora Liddon	979-162-0958
383	Wrennie Raeside	989-864-1164
384	Maegan Gartland	510-798-9290
385	Prudy Yeld	204-295-2085
386	Lianne Rubinowitsch	374-768-3551
387	Cordie Dendon	326-251-9822
388	Joaquin Pursehouse	773-192-9131
389	Mikol Doreward	620-369-3540
390	Florentia Kadd	253-408-3379
391	Lek Broomhead	818-648-7262
392	Oralle Beart	583-382-8260
393	Maiga Bails	669-180-6052
394	Adrien Strowger	775-354-7709
395	Lauren Meriguet	405-746-3771
396	Hurleigh Rosina	571-996-1261
397	Carolan Aubrun	701-461-0068
398	Star Wraggs	188-570-8117
399	Kass Dufaur	478-229-8807
400	Patten Schott	963-793-2533
401	Salli Lodeke	942-931-0931
402	Serena Poetz	856-703-2972
403	Adrianne Alphege	673-199-8579
404	Wini Heasley	601-969-6359
405	Claudell Epelett	538-183-7483
406	Marlyn Tabart	140-742-7448
407	Myrle Probin	203-895-0439
408	Roberto Arnatt	362-959-0223
409	Marlena Dellenty	125-791-4353
410	Janine Fredi	196-252-1736
411	Dianne Camelia	123-829-6222
412	Marja Lehemann	757-918-0062
413	Gabie Cleiment	378-953-7712
414	Foss Ludovici	823-533-5133
415	Galven Tomasello	951-564-6175
416	Barnabe Hollington	631-781-6340
417	Dotti Agastina	594-321-9684
418	Issie Favey	708-564-4299
419	Darill Stollman	391-520-1160
420	Myrtie Phelit	388-802-5573
421	Symon Rigmand	392-211-4106
422	Tildie Dukelow	132-218-0919
423	Allyn Kupke	232-195-8966
424	Wendell McWhorter	782-208-1290
425	Kordula Sally	598-244-5046
426	Jemimah Brideaux	509-119-4054
427	Alexina Eatttok	866-778-4712
428	Stern Fishpool	909-549-3341
429	Chrissie Passingham	730-174-4276
430	Ailis Strathman	599-582-2545
431	Arabelle Nijs	293-472-3240
432	Marijo Stathor	456-149-4822
433	Birch Busk	982-463-2655
434	Lenee Ruger	731-908-6887
435	Gaspard Skivington	922-883-8771
436	Odilia Sheivels	599-685-5870
437	Alisha Maier	657-513-6559
438	Jyoti Smullen	520-315-1454
439	Martie Reveland	576-220-4716
440	Rozalin Stackbridge	740-202-7859
441	Audry Benito	955-701-1387
442	Beck Daws	217-364-0897
443	Terrance Fennick	521-146-7900
444	Fredric Sartin	456-820-4788
445	Rodrick Holberry	549-987-3131
446	Kendell Woodhall	332-889-9755
447	Yance Rule	298-130-7069
448	Coletta Riepl	291-591-6876
449	Ofilia Dodd	109-918-4519
450	Izaak Portman	825-283-8033
451	Magda Braywood	890-106-5176
452	Miller Messiter	289-424-1168
453	Cassandry Bradborne	311-682-6357
454	Avivah Nolton	829-211-4677
455	Willabella Fundell	165-484-6761
456	Thomasa Boobyer	500-855-1395
457	Terrance Zouch	928-716-2770
458	Kaylyn Dunkerley	375-414-3598
459	Roma Faragan	884-702-8546
460	Suzette O'Hollegan	151-624-4004
461	Hamilton Baum	322-577-5792
462	Amalie Bonallack	506-247-8028
463	Constantine Ioselev	543-546-1292
464	Dalston Arnaldy	876-639-9039
465	Merrill Lavielle	776-576-2777
466	Carena Dykas	454-562-2501
467	Oliy Heaven	165-336-9500
468	Wyn Digan	860-134-0523
469	Brianne Cudde	983-110-0264
470	Flossy Hains	687-512-9208
471	Alexander Girdwood	472-305-2047
472	Diena Cosans	602-653-1367
473	Vannie Awmack	162-664-2234
474	Jaine Duffil	653-517-0542
475	Tim Stoffersen	859-523-5244
476	Don Fortoun	932-885-5932
477	Norby Balstone	394-326-9188
478	Cathy Brimilcombe	251-436-5328
479	Hans Fallens	454-407-1587
480	Pancho D'Antuoni	246-426-8395
481	Rene Pinchon	954-654-9597
482	Fey Fitzroy	252-597-9949
483	Derward Murford	453-291-8045
484	Yancey Mate	486-279-4807
485	Demetre Serchwell	964-276-9313
486	Valeda Whitten	293-565-0318
487	Alix Ribbon	989-148-2960
488	Adelheid Plumstead	876-947-3277
489	Madelena Waldram	249-464-9154
490	Karita Ledur	613-642-5320
491	Cissy Boman	594-729-2793
492	Thorndike Lawrey	315-764-0868
493	Astra Garrattley	380-339-7109
494	Berny Prosek	529-316-8296
495	Derek Haldenby	630-806-5631
496	Roley McCabe	557-400-5471
497	Giffard Scholig	850-898-0273
498	Hilton Trodd	810-955-6022
499	Florance Axcel	405-631-8978
500	Peder Vassano	443-845-2500
501	Felizio Rupke	578-663-7136
502	Annadiana Wilfing	870-676-2528
503	Martelle Tullett	612-327-6540
504	D'arcy Flowerden	179-752-3663
505	Peria Bruff	591-209-5303
506	Chiquia Hannabus	616-107-5107
507	Constancy Beany	374-812-5715
508	Gabe Sattin	390-245-1790
509	Hedvige Cristobal	402-746-4737
510	Garrick Searsby	240-631-2341
511	Florentia Vankeev	766-344-7611
512	Durante Tomkies	434-343-0813
513	Robb Waghorn	219-122-5684
514	Artus Ayliffe	374-724-2050
515	Clemmy Brikner	364-204-0756
516	Melvyn Casaccio	805-779-7654
517	Noach Whelan	491-643-6704
518	Vasili Beven	525-820-8909
519	Wilbert Rowbottam	618-426-1539
520	Wylma Cinavas	579-870-3682
521	Gerek Mattiussi	408-446-7357
522	Harcourt Lyons	697-386-4641
523	Godiva Letts	491-998-6757
524	Edie Kinvan	800-321-6853
525	Audy D' Angelo	485-504-8862
526	Korella D'Antuoni	528-816-0306
527	Bale Wheway	668-471-5951
528	Hilde Brindle	608-949-5856
529	Horten Docker	729-609-3274
530	Tommi Bartelot	610-217-9908
531	Andeee Pavlenkov	664-173-5710
532	Kenny Gerhold	692-113-8987
533	Lonnie Fettes	873-749-4842
534	Lonnie Witchalls	323-329-8370
535	Trish Shapero	304-846-0064
536	Ash Abberley	488-117-6274
537	Gizela Hargie	345-713-1548
538	Brigida Lafford	432-248-1357
539	Lorinda Durak	461-672-4918
540	Mia Bolan	970-460-1659
541	Adel Dunnet	596-856-7591
542	Krystle Scadding	490-405-1064
543	Thelma Oulet	126-180-8892
544	Zoe Caccavella	531-769-0867
545	Tessie Barts	851-702-8134
546	Marten Blundin	346-237-8987
547	Harriett Throssell	867-924-9815
548	Araldo Jendas	858-646-1637
549	Enrichetta Warren	691-558-4856
550	Meriel Janway	286-200-1233
551	Nikki Plews	146-141-4840
552	Lacie Fedoronko	305-430-1292
553	Whitby Busfield	862-891-4616
554	Coreen Heggie	106-471-5270
555	Gil Goodlife	652-201-4836
556	Alfonse Fancutt	490-614-1594
557	Ilene Fredy	109-252-1295
558	Karyn Ransbury	833-374-6662
559	Crissie Barthod	272-108-6566
560	Geordie Axelbee	974-539-3205
561	Jessie Denney	947-997-7761
562	Hartley Gye	187-418-1934
563	Emmi Binyon	246-936-1806
564	Robbi Pargeter	445-686-4145
565	Tucky Yushkin	775-672-7609
566	Tessi Beckford	247-659-3043
567	Griz Gately	720-837-0910
568	Jule Strase	198-619-0472
569	Harley Sorel	346-315-0632
570	Happy Levet	137-173-2443
571	Mickie Summerlee	851-544-7700
572	Timmy Brimley	377-856-9518
573	Jeanine Dinnis	501-588-6633
574	Jocelyn Emblow	905-131-8353
575	Peyter Featherbie	381-427-0221
576	Anton Buckhurst	578-569-2412
577	Adoree Angrick	243-568-3855
578	Collie Robottham	883-468-1262
579	Rica Abdee	846-309-3779
580	Zelda Cameli	123-620-1180
581	Colette Fogarty	678-206-2832
582	Dalston Goede	786-826-0322
583	Corny Lownsbrough	828-191-8163
584	Tyrone Belch	522-734-3403
585	Travers Ellesmere	913-462-0701
586	Kristopher Hardwell	716-876-4407
587	Phaedra Fingleton	964-801-9147
588	Dewie Deroche	977-502-2900
589	Godard Croisdall	133-683-2494
590	Annamarie Ord	637-871-3042
591	Filmer Fattorini	680-710-4555
592	Adriano Russan	210-212-1610
593	Ringo O'Cosgra	905-337-0506
594	Christoforo Duetsche	588-473-7986
595	Agnesse Spritt	425-296-0564
596	Krystle Jakubowsky	982-585-9613
597	Suzanna McGonigle	941-455-8403
598	Danila Kenworthey	784-223-7841
599	Aloysia Wadeson	281-388-8290
600	Rupert Cowperthwaite	817-633-6794
601	Leah Willbraham	611-306-4274
602	Alvera Mayler	916-914-3777
603	Jania Bruyet	677-666-0715
604	Francois Rubinsztein	385-212-0081
605	Olav Kollatsch	259-424-8779
606	Samuele Feldmann	242-910-9610
607	Torre Durston	876-402-2982
608	Iris Misk	756-711-3140
609	Marguerite de Merida	806-323-4792
610	Euell Olesen	500-815-7625
611	Brand Smoughton	692-139-8618
612	Nina Gammell	902-443-0738
613	Hermon Orrom	811-757-1172
614	Nelie Fearick	618-105-1652
615	Zacharie Danev	856-337-2227
616	Ardine Arbuckel	269-310-6333
617	Dell Froggatt	644-322-5509
618	Vaughn Brouwer	101-343-3309
619	Paolo Barrack	660-917-6775
620	Cammi MacCart	564-912-3098
621	Kat Nisen	394-941-8045
622	Karlie Seifenmacher	269-716-9587
623	Lurleen Stokoe	528-169-5587
624	Leticia Kohneke	124-883-6988
625	Cinda Fearenside	167-871-5902
626	Shaun Cluely	938-930-1417
627	Xerxes Kittless	151-844-3383
628	Ario MacKeogh	920-474-5665
629	Allis Greetham	374-502-9588
630	Dorri Caller	831-906-3605
631	Lauren Pimblett	207-872-5044
632	Kala Garroch	467-714-4041
633	Candi Ibarra	765-674-3002
634	Georgie Fairhall	543-716-9329
635	Sergent Spilisy	176-430-9506
636	Lief Lamartine	140-340-3884
637	Liane O' Faherty	495-767-8264
638	Elonore Burling	620-450-6451
639	Hendrik Revan	900-924-5747
640	Sibel Penson	285-402-7831
641	Lorene Molloy	543-992-9238
642	Jamie Fonzo	160-297-2878
643	Lutero Langran	543-211-8617
644	Dorrie Blampy	891-485-2602
645	Geordie Mapston	582-448-8034
646	Fredia Polleye	649-953-3159
647	Edy Whysall	647-695-3683
648	Olly Weir	203-989-8067
649	Yanaton Grishakin	592-202-1598
650	Stephine Krysiak	658-335-6040
651	Mandie Blaisdale	843-533-9310
652	Gerrard De Biaggi	576-823-5783
653	Jania Bartels-Ellis	398-981-1293
654	Linus Veschambre	460-464-6494
655	Nahum Sutworth	954-144-8800
656	Cam Streeten	713-979-0787
657	Freeland Brane	992-956-2256
658	Jerrie Klagges	115-478-9587
659	Betta Baudins	274-970-3117
660	Arnuad Hubback	995-849-3241
661	Neysa Nyssens	880-992-0306
662	Ronda Swetman	442-306-2094
663	Ursa Merwood	332-689-7945
664	Kit Braganca	497-974-7061
665	Keelia Rayner	550-851-7299
666	Tammy Loble	148-734-6952
667	Sula Cartmael	938-604-0257
668	Juline Semon	606-574-4206
669	Jennee Pilmore	405-715-9963
670	Vladamir Measom	312-670-1088
671	Leigha Moorfield	581-392-2780
672	Lisbeth Treven	321-513-1378
673	Raphaela Coleiro	918-948-8089
674	Ettie Tomsa	288-487-9418
675	Neale Brittles	120-976-2203
676	Iseabal Maylour	335-354-7037
677	Wilmar Plunket	938-792-2302
678	Des Mance	705-732-6073
679	Katharina Burlingham	947-185-0171
680	Doro Trayling	103-549-1959
681	Ingar Flowerdew	412-755-1098
682	Danyette Heskins	938-259-5218
683	Kaylee Tampin	208-804-1063
684	Mateo Josipovitz	539-112-1544
685	Clarine Fegan	611-647-0388
686	Gabriello Aupol	440-666-9225
687	Nathanial Andrelli	274-965-3021
688	Carly Mignot	393-302-0718
689	Rycca Slocomb	425-594-8748
690	Uriel Brankley	901-727-5702
691	Fayre Dewdney	127-283-9395
692	Kirsten Bagshaw	804-438-4690
693	Adriaens Keenlyside	217-398-7024
694	Beau Akister	198-380-9827
695	Querida Titchard	419-241-6420
696	Shay Joye	100-379-5247
697	Ermin Spragge	441-859-3479
698	Myrvyn Artindale	963-738-6355
699	Maire Wallentin	278-855-1902
700	Baryram Cootes	614-365-8618
701	Alice Oldroyde	395-568-4335
702	Manuel Bibby	626-109-1555
703	Al Duplain	678-481-9851
704	Valentino Gehring	284-564-1184
705	Willey Alvarado	264-398-7286
706	Gustie Overel	974-402-4743
707	Thor Younger	505-923-5041
708	Tatiana Gremain	442-174-7925
709	Archibaldo Gove	457-129-4402
710	Josepha Southorn	757-512-1639
711	Edee Beggin	423-654-5179
712	Durward Benne	728-266-4877
713	Tanny O'Henery	371-995-4125
714	Sephira Brisley	924-488-3686
715	Brit Sappy	245-352-3835
716	Aimil Corneil	424-947-6329
717	Vivi Chaddock	422-556-9550
718	Zeb Batts	386-889-8411
719	Alistair Counsell	756-162-9590
720	Lilith Ayres	487-279-9374
721	Veriee Mitchinson	488-762-2141
722	Alvy Alexsandrowicz	706-585-8747
723	Ranee Cammomile	876-147-4353
724	Gwynne Childe	675-430-8761
725	Nat Beattie	221-341-6563
726	Natala McGeady	564-659-3142
727	Adoree Laxe	446-260-0148
728	Hernando Thunnerclef	604-795-2150
729	Galina Aberhart	583-982-9084
730	Neddie Posthill	956-648-3545
731	Whitby Pulley	808-168-2395
732	Fancie Schankel	513-119-7748
733	Elizabeth Eplate	475-373-9121
734	Cecily Piscotti	174-259-4301
735	Tasia Spoors	455-377-2427
736	Alanna Tegler	802-595-4300
737	Andres Gunbie	215-477-7698
738	Wilhelmine Winger	543-920-7769
739	Sher Josskowitz	183-349-4638
740	Marley Georgeot	775-301-2796
741	Kile Bligh	787-181-2041
742	Cherise Figin	446-262-3144
743	Traci Gilli	878-115-6179
744	Olwen Shovlin	952-543-0973
745	Gene Addie	496-988-1269
746	Joni Wrotchford	674-969-7861
747	Maggy Farragher	822-679-4160
748	Emmerich Butland	939-425-3432
749	Rodd Chantler	343-270-6256
750	Roze Rubenfeld	749-623-9844
751	Dreddy Buttler	500-911-0067
752	Adi Flux	828-309-3907
753	Madella Eglinton	694-583-8112
754	Conroy Axe	389-417-4796
755	Dareen Outridge	810-123-3146
756	Robinetta Mueller	931-188-0220
757	Carlene Ambrosi	467-144-9783
758	Torry Cavil	496-835-6077
759	Kessiah O'Lehane	684-178-9400
760	Vance Maidens	813-152-5165
761	Alexandros Eakin	706-793-3385
762	Alister Kertess	945-828-7641
763	Sherie Urey	733-257-0399
764	Wood McQuillen	944-439-6229
765	Pavel Dominichelli	274-624-1327
766	Adriaens Poytres	987-435-6910
767	Dwayne Brunsden	552-680-2195
768	Josee Campanelle	220-526-6472
769	Galen Edmed	984-497-2346
770	Alvie Bread	345-661-7715
771	Simonette Maha	245-657-4644
772	Sibelle Grunnill	159-699-7193
773	Ruthe Cabane	234-789-3774
774	Clemmie Harmar	807-951-6276
775	Karrie Osborne	767-436-3704
776	Eli Saiz	524-930-5976
777	Edyth Flecknoe	525-826-4402
778	Tobiah Hallewell	540-558-8317
779	Curtice Seyers	868-990-2488
780	Collette Ciotto	639-814-6683
781	Susanne Salzburg	928-634-1859
782	Ruthy Lomond	876-246-7491
783	Bertram Kiltie	641-681-0812
784	Jedediah Beining	226-671-5002
785	Sarah Burkill	738-104-1567
786	Adore Duthy	321-701-3280
787	Nolan Assender	995-716-7495
788	Marsiella Deerr	808-873-4694
789	Elbertine Silverwood	160-850-4258
790	Jo Lamburne	635-444-4250
791	Kore Leasor	792-668-4031
792	Riane Suttill	899-684-5425
793	Bel Leighfield	776-406-0088
794	Rodi Stallworth	963-555-5889
795	Miof mela Menichini	898-912-7877
796	Anna-maria Geroldini	995-362-9302
797	Rianon Chmiel	666-672-7076
798	Neill Whittles	627-533-9570
799	Priscilla Ciccarello	192-524-0092
800	Gawen Castellaccio	359-466-4289
801	Julian Desantis	916-912-4293
802	Terza Tressler	889-655-5751
803	Cyndy Folker	467-535-4504
804	Courtney Hanshaw	593-818-3927
805	Weber Meys	699-156-3980
806	Steven Macilhench	707-735-6564
807	Trudy Hazeldene	801-215-4960
808	Devland Atherley	954-825-2584
809	Ambros Blondelle	609-480-5591
810	Heinrick Ballham	369-796-3948
811	Krispin Rentelll	296-278-1236
812	Dulcinea Fawbert	174-338-1920
813	Scotti Sturch	153-230-5985
814	Hillier Burchett	259-160-6159
815	Lissi Considine	869-976-6077
816	Shir Jeandeau	665-500-7667
817	Tommy Allom	350-494-2023
818	Kenna Monier	461-238-5925
819	Frannie Chillistone	809-176-7568
820	Bonita Lemery	718-874-3887
821	Courtnay Baiyle	800-478-8630
822	Glen Shaul	798-422-7223
823	Nixie Hunnisett	916-112-3458
824	Maire Danielis	644-741-6452
825	Jdavie Ridgedell	414-126-8657
826	Sheryl Rogeon	677-100-6391
827	Alison Lamprey	507-863-0369
828	Aristotle Sturges	662-421-3366
829	Kassia Peare	318-688-5252
830	Cos Count	931-693-3302
831	Baryram Snaddon	666-121-0495
832	George Yurkiewicz	748-335-0650
833	Enrichetta Joiris	880-294-8324
834	Brande Evennett	141-350-4124
835	Gilburt Langeren	713-623-9918
836	Krystalle McCourtie	142-471-1889
837	Lek Gillhespy	425-728-0484
838	Norris Hainning	760-443-7650
839	Ulrike Drinkel	744-660-7198
840	Quint Marieton	124-528-0821
841	Dinah Lurcock	784-448-3509
842	Dion Geraldi	811-516-5218
843	Ewart MacKintosh	589-793-8309
844	Berri Guidera	811-312-3798
845	Janeta Connop	756-889-1293
846	Tremaine Dodwell	768-441-5727
847	Laurie Considine	240-992-2892
848	Janaya Simmonite	505-591-2108
849	Benedict Alesin	820-768-9414
850	Vinny Goold	719-254-3548
851	Jordan Wythe	521-883-3522
852	Florance Wolfart	593-713-9689
853	Daria Gaylord	182-908-3305
854	Rooney Ainslie	829-558-9790
855	Donaugh Hutchcraft	849-143-9224
856	Nola Gogin	270-617-1220
857	Nikolia Asey	605-492-2980
858	Norina Escritt	817-357-7962
859	Frasquito Algar	461-182-0026
860	Cletus Geard	830-748-5984
861	Odessa Yellowley	698-936-2190
862	Roselle Shortin	754-939-6296
863	Sonnnie Swanton	721-462-8339
864	Cy McGiffin	682-929-9924
865	Sonnie Duddan	232-610-9579
866	Stace Lismore	248-458-7574
867	Athene Cranch	982-791-3473
868	Thatch Grumble	447-282-7920
869	Ginnie Jealous	243-871-4537
870	Packston Burnyate	155-698-7848
871	Clary Pavey	957-257-0937
872	Ulysses Maps	205-836-1929
873	Rania Gouthier	353-610-6412
874	Cori Abramcik	677-542-2457
875	Lilith O'Mannion	387-362-8083
876	Sherye Garrod	384-510-3491
877	Manuel Dunniom	296-531-9391
878	Abran Rooms	115-249-0596
879	Birgitta Foster-Smith	845-880-3903
880	Arin Mart	994-773-1750
881	Griz Goodred	544-667-4199
882	Even Josey	987-115-2057
883	Hilarius Vittery	688-438-4373
884	Pattin Hymer	332-646-7081
885	Gordie Tomczynski	656-384-4043
886	Matteo Hallgath	756-382-6030
887	Massimo Yearsley	620-387-4473
888	Chandler Mullett	643-683-2329
889	Desiree Clapshaw	285-865-2007
890	Fara Kuschel	343-300-1304
891	Scott Geerits	476-306-8957
892	Dionysus Biaggiotti	430-427-9466
893	Tom Feldharker	715-456-3398
894	Riordan Impey	650-693-1744
895	Penny Berardt	911-139-7960
896	Joanna Maase	869-944-9714
897	Jada Skittrell	234-184-8672
898	Bernice Brigg	602-200-8499
899	Amitie Crichmere	511-486-8018
900	Jolee Aleevy	216-778-5214
901	Levey Sellars	133-882-9880
902	Jessalin Mangin	825-442-9841
903	Abigael Limming	966-953-4188
904	Lolita Partkya	702-626-4255
905	Annamarie Rayson	721-295-5120
906	Doroteya Fishley	979-389-5240
907	Aeriela Maccree	111-353-8024
908	Greggory Chatfield	125-551-2125
909	Duff Ullyott	785-882-8091
910	Angelle Lunbech	536-272-7681
911	Inigo Simonett	964-466-6571
912	Emery Meakes	156-315-4029
913	Temple Josefson	505-575-8193
914	Gib Jessep	215-928-0128
915	Rocky Godart	413-479-5869
916	Colline Durgan	884-238-0922
917	Arlen Caughan	492-658-5233
918	Brana Robertz	221-236-9400
919	Clovis Plampeyn	203-824-3846
920	Ransom Sanham	282-506-7049
921	Sue Mattiacci	516-937-5145
922	Marcos Cowherd	524-229-1000
923	Carly Hehir	645-528-3096
924	Wallace Skews	461-731-4080
925	Andrei Letford	185-966-8359
926	Rene Ladloe	368-586-2776
927	Clemente Blenkinsopp	248-788-7423
928	Claire Chyuerton	500-832-8394
929	Abigail Mell	965-944-1210
930	Benoite Le Floch	788-405-8536
931	Gabbi McMurty	495-871-6631
932	Ivett Toms	557-423-6603
933	Selma Denman	238-131-5122
934	Vitia Hlavecek	254-443-4160
935	Candi Saintsbury	652-699-9939
936	Timmy Guymer	152-708-9918
937	Eloisa Prebble	682-969-8000
938	Ive Kieff	987-198-9273
939	Zechariah Juorio	391-177-2571
940	Kayne MacMechan	324-661-9598
941	Bell Vanichev	157-376-3218
942	Annie Mallen	834-299-9697
943	Andrej Rennicks	848-524-7473
944	Astrid Vallance	355-490-6514
945	Rosa Yanshinov	671-790-7661
946	Wayne Gludor	306-903-4034
947	Estele Buntin	596-194-8037
948	Alix Whightman	690-568-0690
949	Hewitt Hurll	535-274-0010
950	Herb Codlin	462-263-4413
951	Mag Veltman	442-387-0353
952	Koralle Crasswell	627-874-0207
953	Dulsea Frizzell	270-151-0298
954	Pace Charteris	761-690-5512
955	Giselle Cloutt	448-348-5000
956	Alister Bodimeade	992-405-4666
957	Gail Pick	748-578-2961
958	Kaylil Forbes	756-575-7411
959	Ronnie Mea	141-746-8635
960	Ola Fleischer	745-847-6814
961	Rossie Folkard	766-934-4033
962	Alysia Winfield	657-948-4854
963	Harlen Cosgrive	145-427-9708
964	Ozzie Marquis	213-383-5118
965	Feliza Pencott	241-104-0031
966	Yvor Fenimore	490-682-1165
967	Reinald Fraser	219-511-3948
968	Thelma Crannell	707-124-1709
969	Jolee Chatelet	188-466-4290
970	Ginger Shalders	798-232-5494
971	Haskell MacGregor	888-996-8194
972	Dixie Busfield	366-480-6941
973	Justino Twiggins	605-317-3084
974	Zak Rishbrook	810-642-8628
975	Christophorus Mc Caghan	738-252-3249
976	Alejandrina Woodroffe	481-484-2916
977	Ofilia Krier	311-605-8448
978	Arlina Westcarr	409-663-5636
979	Niccolo Sleeny	998-853-9418
980	Sophi Fettis	403-481-5220
981	Fianna Clamp	480-372-5558
982	Burl Muncie	975-818-1475
983	Elissa Danhel	856-657-5898
984	Lane Loiterton	203-246-2754
985	Karlan Canelas	214-517-6351
986	Marchall Kermode	651-126-0587
987	Ida Axel	172-475-3241
988	Tyrus Ellacombe	817-155-8005
989	Friedrich Brislan	516-943-7459
990	Moria Bernhardsson	795-162-8020
991	Allegra Abethell	545-832-8900
992	Amos Lease	439-839-1130
993	Noni Orrah	827-496-1812
994	Jayne Toten	765-295-5390
995	Brooks Kemish	719-757-5193
996	Ingrim Wadman	753-420-3243
997	Patty Livens	816-253-1897
998	Codee Cantillon	384-348-9060
999	Hyman Lumpkin	563-128-6296
1000	Hana Kensy	348-631-7333